"Epic","Feature","Story","FAILED","BROKEN","PASSED","SKIPPED","UNKNOWN"
"","","Login Functionality","0","0","11","0","0"
"","","Login Page Form Display","0","0","1","0","0"
"","","Add to Cart Functionality","0","0","3","0","0"
"","","Restricted Page Access","0","0","1","0","0"
"","","Checkout","0","1","7","0","0"
"","","Checkout Functionality","1","0","0","0","0"
"","","Remove from Cart Functionality","0","0","1","0","0"
"","","Logout Functionality","0","0","1","0","0"
"","","Cart Page Display","0","0","1","0","0"
"","","Add to Cart Without Login","0","0","1","0","0"
